{"version": 2, "width": 209, "height": 58, "timestamp": 1592498561, "env": {"SHELL": null, "TERM": "xterm"}}
[0.003337, "o", "$ "]
[2.765337, "o", "c"]
[3.173123, "o", "\b \b"]
[3.397617, "o", "l"]
[3.485244, "o", "s"]
[3.965406, "o", "\r\n"]
[3.968871, "o", "reduction-demo\r\n"]
[3.969378, "o", "$ "]
[4.5972, "o", "c"]
[4.805375, "o", "d"]
[4.877543, "o", " "]
[5.006384, "o", "r"]
[5.054908, "o", "e"]
[5.205146, "o", "d"]
[5.272247, "o", "u"]
[5.382606, "o", "c"]
[5.55736, "o", "t"]
[5.589309, "o", "i"]
[5.612903, "o", "o"]
[5.654313, "o", "n"]
[5.90094, "o", "-"]
[5.997123, "o", "d"]
[6.062088, "o", "e"]
[6.124919, "o", "m"]
[6.189134, "o", "o"]
[6.446287, "o", "\r\n"]
[6.446736, "o", "$ "]
[9.669784, "o", "l"]
[9.789379, "o", "s"]
[9.853235, "o", "\r\n"]
[9.856771, "o", "hello.rs  reduce.sh\r\n"]
[9.857328, "o", "$ "]
[11.95779, "o", "j"]
[12.045135, "o", "a"]
[12.11817, "o", "v"]
[12.557646, "o", "a"]
[12.703305, "o", " "]
[12.765457, "o", "-"]
[13.342017, "o", "j"]
[13.446602, "o", "a"]
[13.493008, "o", "r"]
[13.589778, "o", " "]
[13.845534, "o", "/"]
[14.06911, "o", "o"]
[14.437085, "o", "p"]
[14.526629, "o", "t"]
[14.653233, "o", "/"]
[15.837419, "o", "p"]
[15.911251, "o", "e"]
[15.997545, "o", "r"]
[16.149729, "o", "s"]
[16.197834, "o", "e"]
[16.82997, "o", "s"]
[16.998047, "o", "_"]
[17.141638, "o", "d"]
[17.213366, "o", "e"]
[17.3096, "o", "p"]
[17.493495, "o", "l"]
[17.629881, "o", "o"]
[17.717851, "o", "y"]
[18.093226, "o", "."]
[18.293155, "o", "j"]
[18.39012, "o", "a"]
[18.429702, "o", "r"]
[18.49424, "o", " "]
[18.571994, "o", "-"]
[18.692339, "o", "-"]
[19.781191, "o", "i"]
[19.821371, "o", "n"]
[19.997172, "o", "p"]
[20.157487, "o", "u"]
[20.237964, "o", "t"]
[20.365361, "o", "-"]
[20.48491, "o", "f"]
[20.572907, "o", "i"]
[20.780841, "o", "l"]
[20.861863, "o", "e"]
[20.932635, "o", " "]
[21.08532, "o", "h"]
[21.20467, "o", "e"]
[21.324692, "o", "l"]
[21.436717, "o", "l"]
[21.580969, "o", "o"]
[21.796753, "o", "."]
[21.948777, "o", "r"]
[22.148789, "o", "s"]
[22.341041, "o", " "]
[22.446404, "o", "-"]
[22.541092, "o", "-"]
[26.797713, "o", "r"]
[27.910025, "o", "\b \b"]
[28.038827, "o", "t"]
[28.10167, "o", "e"]
[28.165262, "o", "s"]
[28.229718, "o", "t"]
[28.364754, "o", "-"]
[28.445589, "o", "s"]
[28.510189, "o", "c"]
[28.710328, "o", "r"]
[28.773266, "o", "i"]
[28.965147, "o", "p"]
[29.005912, "o", "t"]
[29.087509, "o", " "]
[29.189985, "o", "r"]
[29.231374, "o", "e"]
[29.34902, "o", "u"]
[29.701494, "o", "\b \b"]
[29.790758, "o", "d"]
[29.909456, "o", "u"]
[29.989927, "o", "c"]
[30.085636, "o", "e"]
[30.190817, "o", "."]
[30.2858, "o", "s"]
[30.333107, "o", "h"]
[30.573847, "o", "\r\n"]
[32.076166, "o", "[16:43:13] [INFO   ] Tree Building: Start building spar-tree from input file SourceFile{file=/home/perses/reduction-demo/hello.rs, lang=RUST} \r\n"]
[32.076613, "o", "[16:43:13] [INFO   ] Tree Building: Step 1: Antlr parsing. \r\n"]
[32.222135, "o", "[16:43:13] [INFO   ] Tree Building: Step 2: Converting parse tree to spar-tree \r\n"]
[32.230033, "o", "[16:43:13] [INFO   ] Tree Building: Step 3: Simplifying spar-tree \r\n"]
[32.230736, "o", "[16:43:13] [INFO   ] Tree Building: Finished in TimeSpan{startMillis=1592498593542, endMillis=1592498593723, formatted=0 seconds} \r\n"]
[32.232361, "o", "[16:43:13] [INFO   ] The reduction process started at 16:43:13 2020/06/18 \r\n"]
[32.235337, "o", "[16:43:13] [INFO   ] Reduction algorithm is org.perses.reduction.reducer.PersesNodePrioritizedDfsReducer \r\n"]
[32.492435, "o", "[16:43:13] [INFO   ] The number of lexemes in the token factory is is 13 \r\n"]
[32.494101, "o", "[16:43:13] [INFO   ] Reduction Started at 16:43:13 2020/06/18 \r\n"]
[32.496811, "o", "[16:43:13] [INFO   ] Fixpoint[1]:Reducer[perses_node_priority_with_dfs_delta]: New fixpoint iteration started. #Token=24 \r\n"]
[32.56102, "o", "[16:43:14] [INFO   ] Fixpoint[1]:Reducer[perses_node_priority_with_dfs_delta]: Delta node (#leaves=24): queue=0, delete 0 tokens, ratio=24/24=100.00% \r\n"]
[32.618846, "o", "[16:43:14] [INFO   ] Fixpoint[1]:Reducer[perses_node_priority_with_dfs_delta]: Delta node (#leaves=24): queue=0, delete 0 tokens, ratio=24/24=100.00% \r\n"]
[32.620008, "o", "[16:43:14] [INFO   ] Fixpoint[1]:Reducer[perses_node_priority_with_dfs_delta]: Delta node (#leaves=20): queue=3, delete 0 tokens, ratio=24/24=100.00% \r\n"]
[33.569528, "o", "[16:43:15] [INFO   ] Fixpoint[1]:Reducer[perses_node_priority_with_dfs_delta]: Delta node (#leaves=18): queue=5, delete 12 tokens, ratio=12/24=50.00% \r\n"]
[33.757324, "o", "[16:43:15] [INFO   ] Fixpoint[1]:Reducer[perses_node_priority_with_dfs_delta]: Delta node (#leaves=6): queue=5, delete 0 tokens, ratio=12/24=50.00% \r\n"]
[33.757895, "o", "[16:43:15] [INFO   ] Fixpoint[1]:Reducer[perses_node_priority_with_dfs_delta]: Delta node (#leaves=4): queue=7, delete 0 tokens, ratio=12/24=50.00% \r\n"]
[33.758467, "o", "[16:43:15] [INFO   ] Fixpoint[1]:Reducer[perses_node_priority_with_dfs_delta]: Delta node (#leaves=3): queue=8, delete 0 tokens, ratio=12/24=50.00% \r\n"]
[33.758995, "o", "[16:43:15] [INFO   ] Fixpoint[1]:Reducer[perses_node_priority_with_dfs_delta]: Delta node (#leaves=2): queue=10, delete 0 tokens, ratio=12/24=50.00% \r\n"]
[33.759412, "o", "[16:43:15] [INFO   ] Fixpoint[1]:Reducer[perses_node_priority_with_dfs_delta]: Delta node (#leaves=1): queue=11, delete 0 tokens, ratio=12/24=50.00% \r\n"]
[33.759789, "o", "[16:43:15] [INFO   ] Fixpoint[1]:Reducer[perses_node_priority_with_dfs_delta]: Delta node (#leaves=1): queue=10, delete 0 tokens, ratio=12/24=50.00% \r\n"]
[33.760166, "o", "[16:43:15] [INFO   ] Fixpoint[1]:Reducer[perses_node_priority_with_dfs_delta]: Delta node (#leaves=1): queue=9, delete 0 tokens, ratio=12/24=50.00% \r\n"]
[33.760559, "o", "[16:43:15] [INFO   ] Fixpoint[1]:Reducer[perses_node_priority_with_dfs_delta]: Delta node (#leaves=1): queue=8, delete 0 tokens, ratio=12/24=50.00% \r\n"]
[33.953038, "o", "[16:43:15] [INFO   ] Fixpoint[1]:Reducer[perses_node_priority_with_dfs_delta]: Delta node (#leaves=1): queue=7, delete 0 tokens, ratio=12/24=50.00% \r\n"]
[33.953427, "o", "[16:43:15] [INFO   ] Fixpoint[1]:Reducer[perses_node_priority_with_dfs_delta]: Delta node (#leaves=1): queue=7, delete 0 tokens, ratio=12/24=50.00% \r\n"]
[33.95376, "o", "[16:43:15] [INFO   ] Fixpoint[1]:Reducer[perses_node_priority_with_dfs_delta]: Delta node (#leaves=1): queue=6, delete 0 tokens, ratio=12/24=50.00% \r\n"]
[33.954082, "o", "[16:43:15] [INFO   ] Fixpoint[1]:Reducer[perses_node_priority_with_dfs_delta]: Delta node (#leaves=1): queue=5, delete 0 tokens, ratio=12/24=50.00% \r\n"]
[33.954532, "o", "[16:43:15] [INFO   ] Fixpoint[1]:Reducer[perses_node_priority_with_dfs_delta]: Delta node (#leaves=1): queue=4, delete 0 tokens, ratio=12/24=50.00% \r\n"]
[33.954889, "o", "[16:43:15] [INFO   ] Fixpoint[1]:Reducer[perses_node_priority_with_dfs_delta]: Delta node (#leaves=1): queue=3, delete 0 tokens, ratio=12/24=50.00% \r\n"]
[33.955307, "o", "[16:43:15] [INFO   ] Fixpoint[1]:Reducer[perses_node_priority_with_dfs_delta]: Delta node (#leaves=1): queue=2, delete 0 tokens, ratio=12/24=50.00% \r\n"]
[33.955738, "o", "[16:43:15] [INFO   ] Fixpoint[1]:Reducer[perses_node_priority_with_dfs_delta]: Delta node (#leaves=1): queue=1, delete 0 tokens, ratio=12/24=50.00% \r\n"]
[33.956051, "o", "[16:43:15] [INFO   ] Fixpoint[1]:Reducer[perses_node_priority_with_dfs_delta]: Delta node (#leaves=1): queue=0, delete 0 tokens, ratio=12/24=50.00% \r\n"]
[33.956804, "o", "[16:43:15] [INFO   ] Fixpoint[1]:Reducer[perses_node_priority_with_dfs_delta]: Fixpoint iteration finished. Delete 12 tokens, ratio=12/24=50.00% \r\n"]
[33.957448, "o", "[16:43:15] [INFO   ] The fixpoint mode is enabled. This is iteration 2 \r\n"]
[33.95765, "o", "[16:43:15] [INFO   ] Rebuilding spar-tree. \r\n"]
[33.97982, "o", "[16:43:15] [INFO   ] Fixpoint[2]:Reducer[perses_node_priority_with_dfs_delta]: New fixpoint iteration started. #Token=12 \r\n"]
